Lead No,Party Name,Lead Type,Entry Date,S.C.,S. E.,Current Stage,Current Status,Next Action,Inactive Days,Last Activity
Comp - 9,VERMA PROFILES CORPORATION,Golden,11-06-2024,Sales Coord. 1,Sales Exec. 1,Inquiry Followups,active,Inquiry Followups,0,To be calculated
Comp - 100,PHOENIX PROFILES INDIA LTD.,Golden,11-06-2024,Sales Coord. 1,Sales Exec. 1,Inquiry Followups,active,Inquiry Followups,0,To be calculated
Comp - 104,RADIANT POWER & STEEL HOLDINGS PVT. LTD.,Golden,11-06-2024,Sales Coord. 1,Sales Exec. 1,Inquiry Followups,active,Inquiry Followups,0,To be calculated
Comp - 136,NATIONAL INFRASTRUCTURE GROUP INDIA LTD.,Not Ment.,11-06-2024,Not Assigned,Not Assigned,Inquiry Followups,active,"Followup Meeting, Inquiry Followups",0,To be calculated
Comp - 129,MALHOTRA STRIPS VENTURES INDUSTRIES,Golden,11-07-2024,Sales Coord. 1,Sales Exec. 1,Inquiry Followups,active,Inquiry Followups,0,To be calculated
Comp - 13,TITAN SPONGE IRON CORPORATION,Golden,11-09-2024,Sales Coord. 1,Sales Exec. 1,Inquiry Followups,active,Inquiry Followups,0,To be calculated
Comp - 133,ZENITH INDIA LTD.,Not Ment.,11-09-2024,Sales Coord. 1,Sales Exec. 1,Inquiry Followups,active,Inquiry Followups,0,To be calculated
Comp - 134,OASIS STRUCTURES CORPORATION,Not Ment.,11-09-2024,Not Assigned,Not Assigned,Meeting followup,active,Meeting followup,0,To be calculated
Comp - 132,BAJAJ STRIPS CORPORATION,Not Ment.,11-09-2024,Sales Coord. 1,Sales Exec. 1,Meeting followup,active,Meeting followup,0,To be calculated
Comp - 109,TECHNO CASTINGS HOLDINGS LLP,Golden,11-09-2024,Sales Coord. 1,Sales Exec. 1,Inquiry Followups,active,Inquiry Followups,0,To be calculated
Comp - 137,LUMINA PROFILES INDIA LTD.,Not Ment.,11-12-2024,Sales Coord. 2,Sales Exec. 1,Inquiry Followups,active,Inquiry Followups,0,To be calculated
Comp - 138,AGARWAL HEAVY ENGINEERING ENTERPRISES,Golden,11/20/2024,Sales Coord. 1,Sales Exec. 1,Inquiry Followups,active,Inquiry Followups,0,To be calculated
Comp - 139,PIONEER ENERGY HOLDINGS LLP,Not Ment.,11/20/2024,Sales Coord. 1,Sales Exec. 1,Inquiry Followups,active,Inquiry Followups,0,To be calculated
Comp - 34,INFINITY FOUNDRIES INDUSTRIES,Golden,11/20/2024,Sales Coord. 1,Sales Exec. 1,Inquiry Followups,active,Inquiry Followups,0,To be calculated
Comp - 150,NEXUS LLP,Not Ment.,11/20/2024,Sales Coord. 1,Sales Exec. 1,Inquiry Followups,active,Inquiry Followups,0,To be calculated
Comp - 147,COSMOS STEELS GROUP LLP,Not Ment.,11/20/2024,Not Assigned,Not Assigned,Inquiry Followups,Inactive,No upcoming action,230,To be calculated
Comp - 149,TECHNO WIRE ROPES HOLDINGS PVT. LTD.,Not Ment.,11/20/2024,Sales Coord. 2,Sales Exec. 1,Inquiry Followups,Inactive,No upcoming action,506,To be calculated
Comp - 63,VECTOR SMELTERS LLP,Golden,11/22/2024,Sales Coord. 3,Sales Exec. 2,Inquiry Followups,active,Inquiry Followups,0,To be calculated
Comp - 15,LUMINA METALS LTD.,Golden,11/22/2024,Sales Coord. 3,Sales Exec. 2,Inquiry Followups,active,Inquiry Followups,0,To be calculated
Comp - 154,WESTERN PVT. LTD.,Golden,11/22/2024,Not Assigned,Not Assigned,Inquiry Followups,Inactive,No upcoming action,198,To be calculated
Comp - 125,RATHI POWER & STEEL HOLDINGS LLP,Not Ment.,11/22/2024,Sales Coord. 1,Sales Exec. 1,Inquiry Followups,active,Inquiry Followups,0,To be calculated
Comp - 123,MEHTA ALLOYS INDIA LTD.,Not Ment.,11/22/2024,Not Assigned,Not Assigned,Proposal to order,Inactive,No upcoming action,434,To be calculated
Comp - 155,OMEGA PVT. LTD.,Not Ment.,11/22/2024,Sales Coord. 2,Sales Exec. 1,Inquiry Followups,active,Inquiry Followups,0,To be calculated
Comp - 116,OMEGA PRODUCTS ENTERPRISES,Not Ment.,11/22/2024,Sales Coord. 3,Sales Exec. 2,Inquiry Followups,active,Inquiry Followups,0,To be calculated
Comp - 142,ZENITH ROLLING MILLS INDIA LTD.,Not Ment.,11/22/2024,Sales Coord. 1,Sales Exec. 1,Inquiry Followups,active,Inquiry Followups,0,To be calculated
Comp - 140,GUPTA SMELTERS LLP,Not Ment.,11/23/2024,Sales Coord. 1,Sales Exec. 1,Inquiry Followups,active,Inquiry Followups,0,To be calculated
Comp - 156,MALHOTRA HEAVY ENGINEERING LLP,Golden,11/23/2024,Sales Coord. 1,Sales Exec. 1,Inquiry Followups,active,Inquiry Followups,0,To be calculated
Comp - 157,LUMINA TUBES PVT. LTD.,Not Ment.,11/23/2024,Sales Coord. 1,Sales Exec. 1,Inquiry Followups,active,Inquiry Followups,0,To be calculated
Comp - 110,SINGHANIA CORPORATION,Golden,11/23/2024,Sales Coord. 1,Sales Exec. 1,Proposal to order,Inactive,No upcoming action,158,To be calculated
Comp - 130,NEXUS ISPAT CORPORATION,Golden,11/23/2024,Sales Coord. 1,Sales Exec. 1,Inquiry Followups,active,Inquiry Followups,0,To be calculated
Comp - 75,GLOBAL PVT. LTD.,Not Ment.,11/23/2024,Sales Coord. 1,Sales Exec. 1,Inquiry Followups,active,Inquiry Followups,0,To be calculated
Comp - 27,INDUS METALS VENTURES ENTERPRISES,Not Ment.,11/23/2024,Sales Coord. 1,Sales Exec. 1,Inquiry Followups,active,Inquiry Followups,0,To be calculated
Comp - 28,CORE FOUNDRIES INDUSTRIES,Golden,11/23/2024,Sales Coord. 1,Sales Exec. 1,Inquiry Followups,active,Inquiry Followups,0,To be calculated
Comp - 24,PINNACLE METALLURGICAL CORPORATION,Not Ment.,11/23/2024,Sales Coord. 1,Sales Exec. 1,Inquiry Followups,active,Inquiry Followups,0,To be calculated
Comp - 21,BANSAL METALLURGICAL INDUSTRIES,Not Ment.,11/23/2024,Sales Coord. 1,Sales Exec. 1,Inquiry Followups,active,Inquiry Followups,0,To be calculated
Comp - 38,TECHNO LLP,Not Ment.,11/23/2024,Sales Coord. 1,Sales Exec. 1,Inquiry Followups,Inactive,No upcoming action,408,To be calculated
Comp - 69,ANCHOR CASTINGS VENTURES LLP,Not Ment.,11/23/2024,Sales Coord. 1,Sales Exec. 1,Inquiry Followups,active,Inquiry Followups,0,To be calculated
Comp - 158,INFINITY LLP,Not Ment.,11/23/2024,Sales Coord. 1,Sales Exec. 1,Inquiry Followups,active,Inquiry Followups,0,To be calculated
Comp - 159,HERITAGE CASTINGS INDIA LTD.,Golden,11/25/2024,Sales Coord. 1,Sales Exec. 1,Inquiry Followups,active,Inquiry Followups,0,To be calculated
Comp - 160,GUPTA STRIPS GROUP INDIA LTD.,Golden,11/28/2024,Sales Coord. 3,Sales Exec. 2,Inquiry Followups,active,Inquiry Followups,0,To be calculated
Comp - 168,STERLING PROFILES VENTURES LLP,Golden,12-02-2024,Sales Coord. 1,Sales Exec. 1,Inquiry Followups,active,Inquiry Followups,0,To be calculated
Comp - 128,IMPACT CORPORATION,Golden,12-06-2024,Sales Coord. 3,Sales Exec. 2,Proposal to order,active,Proposal to order,0,To be calculated
Comp - 33,TITAN IRON & STEEL VENTURES PVT. LTD.,Golden,12-10-2024,Sales Coord. 3,Sales Exec. 2,Inquiry Followups,active,Inquiry Followups,0,To be calculated
Comp - 170,MEHTA INDIA LTD.,Golden,12-10-2024,Sales Coord. 3,Sales Exec. 2,Inquiry Followups,active,Inquiry Followups,0,To be calculated
Comp - 171,SUPREME WIRE ROPES PVT. LTD.,Golden,12-10-2024,Sales Coord. 3,Sales Exec. 2,Inquiry Followups,active,Inquiry Followups,0,To be calculated
Comp - 172,KARAN CORPORATION,Not Ment.,12-10-2024,Sales Coord. 1,Sales Exec. 1,Inquiry Followups,active,Inquiry Followups,0,To be calculated
Comp - 174,PHOENIX STEEL LTD.,Not Ment.,12/19/2024,Not Assigned,Not Assigned,Meeting,Inactive,No upcoming action,468,To be calculated
Comp - 179,RADIANT STEELS HOLDINGS ENTERPRISES,Not Ment.,01-07-2025,Sales Coord. 2,Sales Exec. 1,Inquiry Followups,Inactive,No upcoming action,337,To be calculated
Comp - 49,JINDAL CASTINGS LLP,Golden,1/15/2025 ,Sales Coord. 3,Sales Exec. 2,Inquiry Followups,active,Inquiry Followups,0,To be calculated
Comp - 19,DELTA STEELS INDUSTRIES,Golden,1/24/2025 ,Sales Coord. 3,Sales Exec. 2,Inquiry Followups,active,Inquiry Followups,0,To be calculated
Comp - 266,MEHTA INFRASTRUCTURE VENTURES ENTERPRISES,Not Ment.,1/24/2025 ,Sales Coord. 2,Sales Exec. 1,Inquiry Followups,active,Inquiry Followups,0,To be calculated
Comp - 270,CENTURY LLP,Not Ment.,1/31/2025 ,Sales Coord. 3,Sales Exec. 2,Inquiry Followups,active,Inquiry Followups,0,To be calculated
Comp - 267,ZENITH LTD.,Not Ment.,1/31/2025 ,Sales Coord. 3,Sales Exec. 2,Inquiry Followups,active,Inquiry Followups,0,To be calculated
Comp - 268,IMPACT WIRE ROPES PVT. LTD.,Not Ment.,1/31/2025 ,Sales Coord. 3,Sales Exec. 2,Inquiry Followups,active,Inquiry Followups,0,To be calculated
Comp - 222,REGAL METALLURGICAL INDIA LTD.,Golden,1/31/2025 ,Sales Coord. 3,Sales Exec. 2,Inquiry Followups,active,Inquiry Followups,0,To be calculated
Comp - 72,RADIANT INDIA LTD.,Golden,02-03-2025,Sales Coord. 3,Sales Exec. 2,Inquiry Followups,active,Inquiry Followups,0,To be calculated
Comp - 264,GOEL STEELS LLP,Golden,02-04-2025,Sales Coord. 3,Sales Exec. 2,Inquiry Followups,active,Inquiry Followups,0,To be calculated
Comp - 53,UNIQUE ISPAT LTD.,Golden,02-04-2025,Sales Coord. 3,Sales Exec. 2,Inquiry Followups,active,Inquiry Followups,0,To be calculated
Comp - 59,VANGUARD MINERALS LLP,Golden,02-04-2025,Sales Coord. 3,Sales Exec. 2,Inquiry Followups,active,Inquiry Followups,0,To be calculated
Comp - 262,TITAN POWER & STEEL HOLDINGS ENTERPRISES,Golden,02-04-2025,Sales Coord. 3,Sales Exec. 2,Inquiry Followups,active,Inquiry Followups,0,To be calculated
Comp - 272,VANGUARD METALIKS CORPORATION,Golden,02-05-2025,Sales Coord. 3,Sales Exec. 2,Inquiry Followups,active,Inquiry Followups,0,To be calculated
Comp - 277,HERITAGE POWER & STEEL ENTERPRISES,Not Ment.,02-09-2025,Sales Coord. 1,Sales Exec. 1,Inquiry Followups,active,Inquiry Followups,0,To be calculated
Comp - 274,SHRIRAM PROFILES VENTURES ENTERPRISES,Not Ment.,02-10-2025,Sales Coord. 3,Sales Exec. 2,Inquiry Followups,active,Inquiry Followups,0,To be calculated
Comp - 71,EMINENT STEELS INDUSTRIES,Golden,02-12-2025,Sales Coord. 1,Sales Exec. 1,Proposal to order,active,Proposal to order,0,To be calculated
Comp - 80,WESTERN MINERALS CORPORATION,Not Ment.,2/13/2025 ,Not Assigned,Not Assigned,Inquiry Followups,active,Inquiry Followups,0,To be calculated
Comp - 87,TITAN HEAVY ENGINEERING CORPORATION,Golden,2/13/2025 ,Sales Coord. 3,Sales Exec. 2,Proposal to order,active,Proposal to order,0,To be calculated
Comp - 94,OASIS METALS CORPORATION,Golden,2/13/2025 ,Sales Coord. 3,Sales Exec. 2,Inquiry Followups,active,Inquiry Followups,0,To be calculated
Comp - 89,SHRIRAM ENERGY CORPORATION,Not Ment.,2/13/2025 ,Sales Coord. 3,Sales Exec. 2,Meeting,Inactive,No upcoming action,457,To be calculated
Comp - 165,GOEL MINERALS HOLDINGS INDUSTRIES,Golden,2/13/2025 ,Not Assigned,Not Assigned,Inquiry Followups,active,Inquiry Followups,0,To be calculated
Comp - 278,APEX MINERALS INDIA LTD.,Golden,2/13/2025 ,Sales Coord. 3,Sales Exec. 2,Inquiry Followups,active,Inquiry Followups,0,To be calculated
Comp - 280,ORION ROLLING MILLS CORPORATION,Golden,2/13/2025 ,Sales Coord. 3,Sales Exec. 2,Inquiry Followups,active,Inquiry Followups,0,To be calculated
Comp - 281,NATIONAL METALS LTD.,Not Ment.,2/13/2025 ,Not Assigned,Not Assigned,Inquiry Followups,Inactive,No upcoming action,48,To be calculated
Comp - 282,ORION CORPORATION,Golden,2/13/2025 ,Sales Coord. 3,Sales Exec. 2,Inquiry Followups,active,Inquiry Followups,0,To be calculated
Comp - 290,UNITED ROLLING MILLS HOLDINGS CORPORATION,Not Ment.,2/15/2025 ,Sales Coord. 1,Sales Exec. 1,Proposal to order,active,Proposal to order,0,To be calculated
Comp - 293,STERLING HEAVY ENGINEERING PVT. LTD.,Not Ment.,2/17/2025 ,Sales Coord. 1,Sales Exec. 1,Inquiry Followups,active,Inquiry Followups,0,To be calculated
Comp - 111,SINGHANIA INFRASTRUCTURE GROUP PVT. LTD.,Not Ment.,2/17/2025 ,Sales Coord. 1,Sales Exec. 1,Inquiry Followups,active,Inquiry Followups,0,To be calculated
Comp - 287,STERLING INDUSTRIES,Not Ment.,2/18/2025 ,Sales Coord. 1,Sales Exec. 1,Inquiry Followups,active,Inquiry Followups,0,To be calculated
Comp - 295,BAJAJ HEAVY ENGINEERING VENTURES LLP,Not Ment.,2/18/2025 ,Sales Coord. 2,Sales Exec. 1,Proposal to order,Inactive,No upcoming action,414,To be calculated
Comp - 7,MEHTA PROFILES GROUP CORPORATION,Not Ment.,2/19/2025 ,Sales Coord. 1,Sales Exec. 1,Inquiry Followups,active,Inquiry Followups,0,To be calculated
Comp - 283,RATHI TUBES VENTURES INDUSTRIES,Golden,2/19/2025 ,Sales Coord. 1,Sales Exec. 1,Inquiry Followups,active,Inquiry Followups,0,To be calculated
Comp - 5,ELECTRO STRIPS PVT. LTD.,Not Ment.,2/21/2025 ,Sales Coord. 1,Sales Exec. 1,Meeting followup,active,Meeting followup,0,To be calculated
Comp - 20,ANCHOR PRODUCTS GROUP CORPORATION,Not Ment.,2/21/2025 ,Not Assigned,Not Assigned,Inquiry Followups,active,Inquiry Followups,0,To be calculated
Comp - 106,SHARMA IRON & STEEL INDUSTRIES,Golden,2/21/2025 ,Sales Coord. 1,Sales Exec. 1,Inquiry Followups,active,Inquiry Followups,0,To be calculated
Comp - 131,SUPREME METALS INDIA LTD.,Not Ment.,2/21/2025 ,Sales Coord. 1,Sales Exec. 1,Meeting followup,active,Meeting followup,0,To be calculated
Comp - 273,ZENITH METALS VENTURES PVT. LTD.,Golden,2/21/2025 ,Sales Coord. 1,Sales Exec. 1,Inquiry Followups,active,Inquiry Followups,0,To be calculated
Comp - 285,VECTOR STEELS GROUP LLP,Not Ment.,2/21/2025 ,Sales Coord. 1,Sales Exec. 1,Meeting followup,active,Meeting followup,0,To be calculated
Comp - 77,SINGHANIA STRUCTURES CORPORATION,Not Ment.,2/21/2025 ,Sales Coord. 1,Sales Exec. 1,Inquiry Followups,active,Inquiry Followups,0,To be calculated
Comp - 291,NATIONAL METALLURGICAL ENTERPRISES,Golden,2/21/2025 ,Sales Coord. 1,Sales Exec. 1,Inquiry Followups,active,Inquiry Followups,0,To be calculated
Comp - 292,HORIZON INFRASTRUCTURE INDIA LTD.,Not Ment.,2/21/2025 ,Sales Coord. 1,Sales Exec. 1,Inquiry Followups,active,Inquiry Followups,0,To be calculated
Comp - 90,UNITED ALLOYS LLP,Not Ment.,2/21/2025 ,Sales Coord. 1,Sales Exec. 1,Meeting followup,active,Meeting followup,0,To be calculated
Comp - 113,RATHI FERRO ALLOYS GROUP LLP,Golden,2/21/2025 ,Sales Coord. 1,Sales Exec. 1,Inquiry Followups,active,Inquiry Followups,0,To be calculated
Comp - 118,JINDAL METALIKS VENTURES CORPORATION,Not Ment.,2/21/2025 ,Not Assigned,Not Assigned,Inquiry Followups,active,Inquiry Followups,0,To be calculated
Comp - 202,VANGUARD MINERALS ENTERPRISES,Not Ment.,2/21/2025 ,Not Assigned,Not Assigned,First call,active,First call,0,To be calculated
Comp - 783,INDUS MINERALS INDIA LTD.,Golden,2/21/2025 ,Sales Coord. 3,Sales Exec. 2,Inquiry Followups,active,Inquiry Followups,0,To be calculated
Comp - 288,IMPACT STEELS HOLDINGS ENTERPRISES,Not Ment.,2/21/2025 ,Sales Coord. 1,Sales Exec. 1,Inquiry Followups,active,Inquiry Followups,0,To be calculated
Comp - 45,OMEGA INDUSTRIES,Golden,2/21/2025 ,Sales Coord. 3,Sales Exec. 2,Proposal to order,active,Proposal to order,0,To be calculated
Comp - 14,NATIONAL STEEL LLP,Not Ment.,2/21/2025 ,Sales Coord. 3,Sales Exec. 2,Proposal to order,active,Proposal to order,0,To be calculated
Comp - 64,BAJAJ CORPORATION,Not Ment.,2/21/2025 ,Sales Coord. 3,Sales Exec. 2,Inquiry Followups,active,Inquiry Followups,0,To be calculated
Comp - 83,EMINENT PROFILES PVT. LTD.,Not Ment.,2/21/2025 ,Sales Coord. 3,Sales Exec. 2,Inquiry Followups,active,Inquiry Followups,0,To be calculated
Comp - 337,BANSAL METALS INDIA LTD.,Golden,2/22/2025 ,Sales Coord. 3,Sales Exec. 2,Inquiry Followups,active,Inquiry Followups,0,To be calculated
Comp - 41,MITTAL FASTENERS GROUP LLP,Golden,03-06-2025,Sales Coord. 1,Sales Exec. 1,Inquiry Followups,active,Inquiry Followups,0,To be calculated
Comp - 411,ELECTRO HEAVY ENGINEERING INDUSTRIES,Not Ment.,03-06-2025,Not Assigned,Not Assigned,Inquiry Followups,Inactive,No upcoming action,235,To be calculated
Comp - 727,JINDAL ISPAT VENTURES ENTERPRISES,Not Ment.,3/27/2025 ,Not Assigned,Not Assigned,Inquiry Followups,active,Inquiry Followups,0,To be calculated
Comp - 745,CORE ROLLING MILLS GROUP INDUSTRIES,Golden,04-07-2025,Sales Coord. 3,Sales Exec. 2,Proposal to order,active,Proposal to order,0,To be calculated
Comp - 908,GOEL METALIKS HOLDINGS ENTERPRISES,Golden,04-08-2025,Not Assigned,Not Assigned,Inquiry Followups,Inactive,No upcoming action,48,To be calculated
Comp - 907,DYNAMIC METALLURGICAL VENTURES INDUSTRIES,Golden,04-08-2025,Sales Coord. 3,Sales Exec. 2,Proposal to order,active,Proposal to order,0,To be calculated
Comp - 369,MEHTA METALIKS VENTURES LLP,Golden,04-08-2025,Sales Coord. 3,Sales Exec. 2,Inquiry Followups,active,Inquiry Followups,0,To be calculated
Comp - 368,NEXUS SPONGE IRON VENTURES INDUSTRIES,Not Ment.,04-08-2025,Not Assigned,Not Assigned,First call,active,First call,0,To be calculated
Comp - 793,EMINENT STRUCTURES PVT. LTD.,Not Ment.,04-08-2025,Not Assigned,Not Assigned,First call,active,First call,0,To be calculated
Comp - 909,SUPREME ISPAT INDIA LTD.,Not Ment.,04-12-2025,Not Assigned,Not Assigned,Meeting followup,active,Meeting followup,0,To be calculated
Comp - 334,BAJAJ PROFILES GROUP INDUSTRIES,Golden,4/15/2025 ,Sales Coord. 3,Sales Exec. 2,Proposal to order,active,Proposal to order,0,To be calculated
Comp - 910,SINGHANIA LLP,Not Ment.,4/15/2025 ,Not Assigned,Not Assigned,First call,active,First call,0,To be calculated
Comp - 440,PIONEER CASTINGS INDIA LTD.,Not Ment.,4/15/2025 ,Not Assigned,Not Assigned,Inquiry Followups,active,Inquiry Followups,0,To be calculated
Comp - 911,MEHTA LTD.,Not Ment.,4/15/2025 ,Not Assigned,Not Assigned,Inquiry Followups,Inactive,No upcoming action,235,To be calculated
Comp - 675,TECHNO ENTERPRISES,Not Ment.,4/16/2025 ,Sales Coord. 1,Sales Exec. 1,Inquiry Followups,Inactive,No upcoming action,154,To be calculated
Comp - 102,DYNAMIC INDIA LTD.,Not Ment.,4/17/2025 ,Sales Coord. 2,Sales Exec. 1,First call,Inactive,No upcoming action,57,To be calculated
Comp - 276,QUANTUM ALLOYS GROUP CORPORATION,Golden,4/17/2025 ,Sales Coord. 1,Sales Exec. 1,Inquiry Followups,active,Inquiry Followups,0,To be calculated
Comp - 166,CORE WIRE ROPES ENTERPRISES,Not Ment.,4/19/2025 ,Sales Coord. 3,Sales Exec. 2,Inquiry Followups,active,"Meeting followup, Inquiry Followups",0,To be calculated
Comp - 51,TRITON FERRO ALLOYS PVT. LTD.,Golden,4/19/2025 ,Sales Coord. 1,Sales Exec. 1,Proposal to order,active,Proposal to order,0,To be calculated
Comp - 10,BAJAJ ISPAT ENTERPRISES,Golden,4/21/2025 ,Sales Coord. 1,Sales Exec. 1,Inquiry Followups,active,Inquiry Followups,0,To be calculated
Comp - 912,CENTURY HEAVY ENGINEERING PVT. LTD.,Not Ment.,4/22/2025 ,Sales Coord. 2,Sales Exec. 1,First call,Inactive,No upcoming action,57,To be calculated
Comp - 351,EGIS STRUCTURES LLP,Not Ment.,4/23/2025 ,Not Assigned,Not Assigned,Inquiry Followups,active,"First call, Inquiry Followups",0,To be calculated
Comp - 408,WESTERN LTD.,Golden,4/25/2025 ,Sales Coord. 1,Sales Exec. 1,Proposal to order,active,Proposal to order,0,To be calculated
Comp - 916,EGIS MINERALS HOLDINGS INDIA LTD.,Golden,4/29/2025 ,Sales Coord. 3,Sales Exec. 2,Proposal to order,active,"Meeting followup, Proposal to order",0,To be calculated
Comp - 169,EGIS INFRASTRUCTURE HOLDINGS ENTERPRISES,Golden,05-01-2025,Sales Coord. 2,Sales Exec. 1,Inquiry Followups,active,Inquiry Followups,0,To be calculated
Comp - 740,NEXUS WIRE ROPES GROUP PVT. LTD.,Not Ment.,05-02-2025,Sales Coord. 3,Sales Exec. 2,Inquiry Followups,active,Inquiry Followups,0,To be calculated
Comp - 43,MITTAL TUBES ENTERPRISES,Not Ment.,05-02-2025,Sales Coord. 1,Sales Exec. 1,Inquiry Followups,active,Inquiry Followups,0,To be calculated
Comp - 889,PINNACLE MINERALS GROUP LTD.,Golden,05-02-2025,Sales Coord. 1,Sales Exec. 1,Inquiry Followups,active,Inquiry Followups,0,To be calculated
Comp - 890,APEX ROLLING MILLS VENTURES INDIA LTD.,Not Ment.,05-02-2025,Sales Coord. 1,Sales Exec. 1,Inquiry Followups,active,Inquiry Followups,0,To be calculated
Comp - 61,MALHOTRA ISPAT INDUSTRIES,Not Ment.,05-02-2025,Sales Coord. 1,Sales Exec. 1,Meeting followup,active,Meeting followup,0,To be calculated
Comp - 236,OMEGA STEELS HOLDINGS PVT. LTD.,Not Ment.,05-02-2025,Sales Coord. 1,Sales Exec. 1,Inquiry Followups,active,Inquiry Followups,0,To be calculated
Comp - 391,KREST PVT. LTD.,Golden,05-02-2025,Sales Coord. 1,Sales Exec. 1,Proposal to order,active,"Meeting followup, Proposal to order",0,To be calculated
Comp - 448,KREST STRIPS HOLDINGS CORPORATION,Golden,05-02-2025,Sales Coord. 1,Sales Exec. 1,Inquiry Followups,active,Inquiry Followups,0,To be calculated
Comp - 897,RADIANT IRON & STEEL LTD.,Not Ment.,05-02-2025,Not Assigned,Not Assigned,First call,active,First call,0,To be calculated
Comp - 888,OASIS FERRO ALLOYS GROUP ENTERPRISES,Not Ment.,05-02-2025,Not Assigned,Not Assigned,First call,active,First call,0,To be calculated
Comp - 893,MALHOTRA STEEL VENTURES ENTERPRISES,Golden,05-02-2025,Sales Coord. 1,Sales Exec. 1,Inquiry Followups,active,Inquiry Followups,0,To be calculated
Comp - 91,OASIS ALLOYS ENTERPRISES,Not Ment.,05-02-2025,Sales Coord. 1,Sales Exec. 1,Inquiry Followups,active,Inquiry Followups,0,To be calculated
Comp - 918,MALHOTRA PROFILES GROUP INDIA LTD.,Golden,05-05-2025,Sales Coord. 3,Sales Exec. 2,Inquiry Followups,active,Inquiry Followups,0,To be calculated
Comp - 919,IMPACT INFRASTRUCTURE CORPORATION,Not Ment.,05-05-2025,Sales Coord. 1,Sales Exec. 1,Inquiry Followups,active,Inquiry Followups,0,To be calculated
Comp - 364,SHRIRAM ISPAT LLP,Golden,05-07-2025,Sales Coord. 3,Sales Exec. 2,Inquiry Followups,active,Inquiry Followups,0,To be calculated
Comp - 88,MEHTA ROLLING MILLS HOLDINGS PVT. LTD.,Golden,05-08-2025,Sales Coord. 3,Sales Exec. 2,Inquiry Followups,active,Inquiry Followups,0,To be calculated
Comp - 78,NEXUS SPONGE IRON LTD.,Golden,05-08-2025,Sales Coord. 3,Sales Exec. 2,Inquiry Followups,active,Inquiry Followups,0,To be calculated
Comp - 356,SHARMA INDUSTRIES,Not Ment.,05-09-2025,Sales Coord. 3,Sales Exec. 2,Inquiry Followups,active,Inquiry Followups,0,To be calculated
Comp - 2,GALAXY INFRASTRUCTURE CORPORATION,Golden,05-10-2025,Sales Coord. 1,Sales Exec. 1,Inquiry Followups,active,Inquiry Followups,0,To be calculated
Comp - 920,ANCHOR INFRASTRUCTURE LTD.,Not Ment.,05-10-2025,Sales Coord. 3,Sales Exec. 2,Inquiry Followups,Inactive,No upcoming action,203,To be calculated
Comp - 898,GOEL ISPAT HOLDINGS ENTERPRISES,Golden,05-12-2025,Sales Coord. 1,Sales Exec. 1,Inquiry Followups,active,Inquiry Followups,0,To be calculated
Comp - 923,NEXUS SMELTERS ENTERPRISES,Golden,5/15/2025 ,Sales Coord. 1,Sales Exec. 1,Inquiry Followups,active,Inquiry Followups,0,To be calculated
Comp - 385,SIGMA PROFILES HOLDINGS CORPORATION,Golden,5/21/2025 ,Sales Coord. 3,Sales Exec. 2,Inquiry Followups,active,Inquiry Followups,0,To be calculated
Comp - 229,VECTOR STEEL LLP,Golden,5/21/2025 ,Sales Coord. 3,Sales Exec. 2,Inquiry Followups,active,Inquiry Followups,0,To be calculated
Comp - 927,SHRIRAM METALIKS HOLDINGS LTD.,Not Ment.,5/22/2025 ,Not Assigned,Not Assigned,First call,active,First call,0,To be calculated
Comp - 925,CORE FORGINGS GROUP INDIA LTD.,Golden,5/22/2025 ,Sales Coord. 1,Sales Exec. 1,Inquiry Followups,active,Inquiry Followups,0,To be calculated
Comp - 926,JINDAL PRODUCTS GROUP PVT. LTD.,Not Ment.,5/24/2025 ,Sales Coord. 1,Sales Exec. 1,Meeting followup,active,Meeting followup,0,To be calculated
Comp - 668,GUPTA ALLOYS INDIA LTD.,Not Ment.,5/24/2025 ,Sales Coord. 2,Sales Exec. 1,Inquiry Followups,Inactive,No upcoming action,203,To be calculated
Comp - 849,MALHOTRA SMELTERS VENTURES CORPORATION,Golden,5/24/2025 ,Sales Coord. 1,Sales Exec. 1,Inquiry Followups,active,Inquiry Followups,0,To be calculated
Comp - 894,CORE STRIPS PVT. LTD.,Not Ment.,5/27/2025 ,Sales Coord. 3,Sales Exec 3,Proposal to order,active,Proposal to order,0,To be calculated
Comp - 917,MALHOTRA ROLLING MILLS PVT. LTD.,Not Ment.,5/27/2025 ,Sales Coord. 2,Sales Exec. 1,Inquiry Followups,Inactive,No upcoming action,6,To be calculated
Comp - 730,CORE TUBES VENTURES PVT. LTD.,Not Ment.,5/28/2025 ,Not Assigned,Not Assigned,Meeting followup,active,Meeting followup,0,To be calculated
Comp - 913,LUMINA STEEL VENTURES ENTERPRISES,Not Ment.,5/28/2025 ,Sales Coord. 1,Sales Exec. 1,Meeting followup,active,Meeting followup,0,To be calculated
Comp - 442,ELECTRO CASTINGS PVT. LTD.,Not Ment.,5/29/2025 ,Not Assigned,Not Assigned,Inquiry Followups,active,Inquiry Followups,0,To be calculated
Comp - 192,NATIONAL POWER & STEEL VENTURES CORPORATION,Not Ment.,5/30/2025 ,Sales Coord. 3,Sales Exec. 2,Meeting followup,active,Meeting followup,0,To be calculated
Comp - 103,ALPHA METALS PVT. LTD.,Not Ment.,5/31/2025 ,Sales Coord. 3,Sales Exec. 2,Proposal to order,Inactive,No upcoming action,163,To be calculated
Comp - 317,JINDAL PROFILES ENTERPRISES,Not Ment.,5/31/2025 ,Sales Coord. 3,Sales Exec. 2,Inquiry Followups,active,Inquiry Followups,0,To be calculated
Comp - 900,BALAJI METALLURGICAL HOLDINGS INDIA LTD.,Not Ment.,5/31/2025 ,Sales Coord. 3,Sales Exec. 2,Inquiry Followups,active,Inquiry Followups,0,To be calculated
Comp - 269,GLOBAL HEAVY ENGINEERING LLP,Not Ment.,5/31/2025 ,Sales Coord. 3,Sales Exec. 2,Meeting followup,active,Meeting followup,0,To be calculated
Comp - 30,GOEL CASTINGS VENTURES LTD.,Not Ment.,5/31/2025 ,Sales Coord. 3,Sales Exec. 2,Meeting followup,active,Meeting followup,0,To be calculated
Comp - 719,RATHI METALLURGICAL VENTURES LLP,Not Ment.,06-02-2025,Not Assigned,Not Assigned,Inquiry Followups,Inactive,No upcoming action,308,To be calculated
Comp - 692,NATIONAL MINERALS INDUSTRIES,Not Ment.,06-02-2025,Not Assigned,Not Assigned,Meeting,Inactive,No upcoming action,346,To be calculated
Comp - 930,ZENITH PROFILES INDIA LTD.,Not Ment.,06-02-2025,Sales Coord. 2,Sales Exec. 1,Meeting followup,Inactive,No upcoming action,346,To be calculated
Comp - 99,VERMA TUBES VENTURES ENTERPRISES,Golden,06-03-2025,Sales Coord. 3,Sales Exec. 2,Inquiry Followups,active,Inquiry Followups,0,To be calculated
Comp - 905,SUPREME CASTINGS HOLDINGS CORPORATION,Not Ment.,06-04-2025,Sales Coord. 3,Sales Exec. 2,Inquiry Followups,active,Inquiry Followups,0,To be calculated
Comp - 331,INDUS INDUSTRIES,Not Ment.,06-04-2025,Not Assigned,Not Assigned,Inquiry Followups,active,Inquiry Followups,0,To be calculated
Comp - 220,STERLING ISPAT GROUP LTD.,Not Ment.,06-05-2025,Sales Coord. 3,Sales Exec. 2,Meeting followup,active,Meeting followup,0,To be calculated
Comp - 243,SHRIRAM CASTINGS GROUP INDIA LTD.,Not Ment.,06-05-2025,Not Assigned,Not Assigned,Meeting followup,active,Meeting followup,0,To be calculated
Comp - 924,APEX CASTINGS INDIA LTD.,Golden,06-09-2025,Sales Coord. 1,Sales Exec. 1,Inquiry Followups,active,Inquiry Followups,0,To be calculated
Comp - 92,NATIONAL INDIA LTD.,Golden,06-10-2025,Sales Coord. 3,Sales Exec. 2,Inquiry Followups,active,Inquiry Followups,0,To be calculated
Comp - 115,PRIME LTD.,Not Ment.,06-10-2025,Not Assigned,Not Assigned,First call,active,First call,0,To be calculated
Comp - 68,ALPHA STRUCTURES HOLDINGS INDIA LTD.,Golden,06-10-2025,Sales Coord. 3,Sales Exec. 2,Proposal to order,active,Proposal to order,0,To be calculated
Comp - 329,BEACON CASTINGS GROUP PVT. LTD.,Golden,06-11-2025,Not Assigned,Not Assigned,Meeting followup,active,Meeting followup,0,To be calculated
Comp - 726,CENTURY PRODUCTS LTD.,Golden,06-11-2025,Sales Coord. 3,Sales Exec. 2,Inquiry Followups,active,Inquiry Followups,0,To be calculated
Comp - 943,INDUS TUBES HOLDINGS INDIA LTD.,Not Ment.,06-11-2025,Sales Coord. 1,Sales Exec. 1,Inquiry Followups,active,Inquiry Followups,0,To be calculated
Comp - 693,APEX STRUCTURES ENTERPRISES,Not Ment.,06-11-2025,Sales Coord. 1,Sales Exec. 1,Meeting followup,active,Meeting followup,0,To be calculated
Comp - 309,MALHOTRA FERRO ALLOYS CORPORATION,Not Ment.,06-11-2025,Sales Coord. 1,Sales Exec. 1,Inquiry Followups,active,Inquiry Followups,0,To be calculated
Comp - 416,BANSAL ROLLING MILLS INDIA LTD.,Golden,06-11-2025,Sales Coord. 1,Sales Exec. 1,Inquiry Followups,active,Inquiry Followups,0,To be calculated
Comp - 951,MATRIX ALLOYS VENTURES ENTERPRISES,Not Ment.,06-11-2025,Sales Coord. 1,Sales Exec. 1,Meeting followup,active,Meeting followup,0,To be calculated
Comp - 127,UNITED IRON & STEEL INDUSTRIES,Golden,06-12-2025,Not Assigned,Not Assigned,Followup Meeting,active,Followup Meeting,0,To be calculated
Comp - 350,GOEL FASTENERS HOLDINGS INDUSTRIES,Golden,06-12-2025,Sales Coord. 3,Sales Exec. 2,Inquiry Followups,active,Inquiry Followups,0,To be calculated
Comp - 66,WESTERN CASTINGS HOLDINGS ENTERPRISES,Golden,06-12-2025,Sales Coord. 3,Sales Exec. 2,Inquiry Followups,active,Inquiry Followups,0,To be calculated
Comp - 771,BAJAJ METALIKS HOLDINGS INDIA LTD.,Golden,06-12-2025,Not Assigned,Not Assigned,Inquiry Followups,Inactive,No upcoming action,76,To be calculated
Comp - 764,SIGMA TUBES LTD.,Not Ment.,06-12-2025,Sales Coord. 3,Sales Exec. 2,Inquiry Followups,active,Inquiry Followups,0,To be calculated
Comp - 76,MALHOTRA LTD.,Golden,06-12-2025,Sales Coord. 3,Sales Exec. 2,Inquiry Followups,active,Inquiry Followups,0,To be calculated
Comp - 93,VECTOR POWER & STEEL PVT. LTD.,Golden,06-12-2025,Not Assigned,Not Assigned,Inquiry Followups,Inactive,No upcoming action,77,To be calculated
Comp - 161,ANCHOR METALLURGICAL HOLDINGS PVT. LTD.,Not Ment.,06-12-2025,Sales Coord. 3,Sales Exec. 2,Meeting followup,active,Meeting followup,0,To be calculated
Comp - 6,INDUS IRON & STEEL LLP,Golden,06-12-2025,Sales Coord. 3,Sales Exec. 2,Proposal to order,active,Proposal to order,0,To be calculated
Comp - 355,KREST HEAVY ENGINEERING CORPORATION,Not Ment.,06-12-2025,Sales Coord. 3,Sales Exec. 2,Proposal to order,active,Proposal to order,0,To be calculated
Comp - 176,MALHOTRA FOUNDRIES GROUP ENTERPRISES,Not Ment.,06-12-2025,Sales Coord. 1,Sales Exec. 1,Inquiry Followups,active,Inquiry Followups,0,To be calculated
Comp - 177,ORION HEAVY ENGINEERING ENTERPRISES,Not Ment.,06-12-2025,Sales Coord. 1,Sales Exec. 1,Inquiry Followups,active,Inquiry Followups,0,To be calculated
Comp - 178,TECHNO WIRE ROPES CORPORATION,Not Ment.,06-12-2025,Sales Coord. 1,Sales Exec. 1,Meeting followup,active,Meeting followup,0,To be calculated
Comp - 57,HERITAGE PVT. LTD.,Golden,6/19/2025 ,Sales Coord. 3,Sales Exec. 2,Inquiry Followups,active,Inquiry Followups,0,To be calculated
Comp - 954,EMINENT PVT. LTD.,Not Ment.,6/23/2025 ,Sales Coord. 2,Sales Exec. 1,First call,Inactive,No upcoming action,57,To be calculated
Comp - 163,FALCON POWER & STEEL HOLDINGS ENTERPRISES,Golden,6/26/2025 ,Sales Coord. 3,Sales Exec. 2,Inquiry Followups,active,Inquiry Followups,0,To be calculated
Comp - 928,COSMOS METALIKS ENTERPRISES,Not Ment.,6/27/2025 ,Not Assigned,Not Assigned,Proposal to order,Inactive,No upcoming action,308,To be calculated
Comp - 1,OASIS FERRO ALLOYS VENTURES PVT. LTD.,Golden,07-01-2025,Sales Coord. 1,Sales Exec. 1,Inquiry Followups,active,Inquiry Followups,0,To be calculated
Comp - 65,GENESIS FERRO ALLOYS LTD.,Golden,07-05-2025,Sales Coord. 1,Sales Exec. 1,Inquiry Followups,active,Inquiry Followups,0,To be calculated
Comp - 600,COSMOS CASTINGS LTD.,Not Ment.,07-05-2025,Sales Coord. 2,Sales Exec. 1,Inquiry Followups,active,"Meeting followup, Inquiry Followups",0,To be calculated
Comp - 146,HORIZON ENERGY INDUSTRIES,Not Ment.,07-08-2025,Sales Coord. 1,Sales Exec. 1,Inquiry Followups,active,Inquiry Followups,0,To be calculated
Comp - 144,SUMMIT FERRO ALLOYS GROUP PVT. LTD.,Not Ment.,07-08-2025,Sales Coord. 1,Sales Exec. 1,Meeting followup,active,Meeting followup,0,To be calculated
Comp - 95,HORIZON ALLOYS INDIA LTD.,Not Ment.,07-09-2025,Sales Coord. 3,Sales Exec. 2,Inquiry Followups,active,Inquiry Followups,0,To be calculated
Comp - 143,CENTURY PRODUCTS VENTURES INDUSTRIES,Not Ment.,07-10-2025,Sales Coord. 1,Sales Exec. 1,Inquiry Followups,active,Inquiry Followups,0,To be calculated
Comp - 867,EGIS MINERALS GROUP INDIA LTD.,Not Ment.,07-10-2025,Sales Coord. 3,Sales Exec. 2,Inquiry Followups,active,Inquiry Followups,0,To be calculated
Comp - 932,ORION ROLLING MILLS VENTURES ENTERPRISES,Golden,07-10-2025,Sales Coord. 3,Sales Exec. 2,Meeting followup,active,Meeting followup,0,To be calculated
Comp - 956,PIONEER STEELS VENTURES INDUSTRIES,Not Ment.,07-12-2025,Sales Coord. 1,Sales Exec. 1,Meeting followup,active,Meeting followup,0,To be calculated
Comp - 151,TECHNO ENERGY LLP,Golden,07-12-2025,Sales Coord. 1,Sales Exec. 1,Inquiry Followups,active,Inquiry Followups,0,To be calculated
Comp - 335,PIONEER POWER & STEEL VENTURES PVT. LTD.,Golden,7/14/2025 ,Sales Coord. 3,Sales Exec. 2,Proposal to order,active,Proposal to order,0,To be calculated
Comp - 107,PIONEER WIRE ROPES ENTERPRISES,Golden,7/14/2025 ,Sales Coord. 3,Sales Exec. 2,Meeting followup,active,Meeting followup,0,To be calculated
Comp - 958,MERIT FERRO ALLOYS CORPORATION,Not Ment.,7/15/2025 ,Sales Coord. 2,Sales Exec. 1,Inquiry Followups,active,"Meeting followup, Inquiry Followups",0,To be calculated
Comp - 931,QUANTUM POWER & STEEL VENTURES INDIA LTD.,Not Ment.,7/16/2025 ,Sales Coord. 3,Sales Exec. 2,Proposal to order,active,"Meeting followup, Proposal to order",0,To be calculated
Comp - 314,HORIZON ENTERPRISES,Not Ment.,7/16/2025 ,Not Assigned,Not Assigned,Meeting followup,active,Meeting followup,0,To be calculated
Comp - 959,VERMA INFRASTRUCTURE ENTERPRISES,Not Ment.,7/21/2025 ,Not Assigned,Not Assigned,Inquiry Followups,Inactive,No upcoming action,243,To be calculated
Comp - 960,BAJAJ FORGINGS INDIA LTD.,Not Ment.,7/21/2025 ,Not Assigned,Not Assigned,Inquiry Followups,active,"First call, Inquiry Followups",0,To be calculated
Comp - 399,SIGMA PROFILES LLP,Golden,7/23/2025 ,Sales Coord. 1,Sales Exec. 1,Meeting followup,active,Meeting followup,0,To be calculated
Comp - 219,CORE FERRO ALLOYS CORPORATION,Golden,7/24/2025 ,Sales Coord. 1,Sales Exec. 1,Inquiry Followups,active,Inquiry Followups,0,To be calculated
Comp - 851,HERITAGE SPONGE IRON INDUSTRIES,Not Ment.,7/24/2025 ,Sales Coord. 1,Sales Exec. 1,Inquiry Followups,active,Inquiry Followups,0,To be calculated
Comp - 23,KREST SMELTERS CORPORATION,Golden,7/24/2025 ,Sales Coord. 1,Sales Exec. 1,Inquiry Followups,active,Inquiry Followups,0,To be calculated
Comp - 899,EGIS WIRE ROPES GROUP PVT. LTD.,Not Ment.,7/24/2025 ,Sales Coord. 1,Sales Exec. 1,Inquiry Followups,active,Inquiry Followups,0,To be calculated
Comp - 896,INDUS FERRO ALLOYS GROUP INDIA LTD.,Not Ment.,7/25/2025 ,Sales Coord. 1,Sales Exec. 1,Inquiry Followups,active,Inquiry Followups,0,To be calculated
Comp - 255,MEHTA ENERGY INDUSTRIES,Not Ment.,7/26/2025 ,Sales Coord. 2,Sales Exec. 1,Inquiry Followups,active,Inquiry Followups,0,To be calculated
Comp - 261,PRIME STEELS GROUP INDIA LTD.,Golden,7/26/2025 ,Sales Coord. 1,Sales Exec. 1,Inquiry Followups,active,Inquiry Followups,0,To be calculated
Comp - 414,QUANTUM STEEL HOLDINGS INDUSTRIES,Not Ment.,7/26/2025 ,Sales Coord. 1,Sales Exec. 1,Inquiry Followups,active,Inquiry Followups,0,To be calculated
Comp - 400,SUMMIT TUBES GROUP INDUSTRIES,Not Ment.,7/28/2025 ,Sales Coord. 1,Sales Exec. 1,Inquiry Followups,active,Inquiry Followups,0,To be calculated
Comp - 961,OASIS PRODUCTS HOLDINGS INDIA LTD.,Not Ment.,7/28/2025 ,Not Assigned,Not Assigned,First call,active,First call,0,To be calculated
Comp - 386,KARAN STRUCTURES INDIA LTD.,Not Ment.,7/28/2025 ,Sales Coord. 1,Sales Exec. 1,Meeting followup,active,Meeting followup,0,To be calculated
Comp - 294,HERITAGE ROLLING MILLS HOLDINGS LLP,Golden,7/29/2025 ,Sales Coord. 1,Sales Exec. 1,Inquiry Followups,active,Inquiry Followups,0,To be calculated
Comp - 322,RADIANT POWER & STEEL LTD.,Golden,7/29/2025 ,Sales Coord. 3,Sales Exec. 2,Proposal to order,active,Proposal to order,0,To be calculated
Comp - 834,BALAJI POWER & STEEL INDIA LTD.,Not Ment.,7/29/2025 ,Sales Coord. 2,Sales Exec. 1,Meeting followup,active,Meeting followup,0,To be calculated
Comp - 963,BAJAJ STEEL LTD.,Not Ment.,7/30/2025 ,Not Assigned,Not Assigned,First call,active,First call,0,To be calculated
Comp - 962,OPTIMA STRIPS INDUSTRIES,Not Ment.,7/30/2025 ,Not Assigned,Not Assigned,Inquiry Followups,active,"First call, Inquiry Followups",0,To be calculated
Comp - 60,OPTIMA STRUCTURES INDUSTRIES,Not Ment.,08-05-2025,Sales Coord. 1,Sales Exec. 1,Inquiry Followups,active,Inquiry Followups,0,To be calculated
Comp - 311,GLOBAL METALIKS LTD.,Not Ment.,08-05-2025,Sales Coord. 1,Sales Exec. 1,Inquiry Followups,active,Inquiry Followups,0,To be calculated
Comp - 880,OPTIMA PRODUCTS VENTURES CORPORATION,Not Ment.,08-05-2025,Sales Coord. 1,Sales Exec. 1,Inquiry Followups,active,Inquiry Followups,0,To be calculated
Comp - 881,SUPREME ROLLING MILLS INDUSTRIES,Not Ment.,08-05-2025,Sales Coord. 1,Sales Exec. 1,Meeting followup,active,Meeting followup,0,To be calculated
Comp - 687,ORION METALLURGICAL LTD.,Not Ment.,08-05-2025,Sales Coord. 1,Sales Exec. 1,Inquiry Followups,active,Inquiry Followups,0,To be calculated
Comp - 886,MEHTA WIRE ROPES VENTURES INDIA LTD.,Not Ment.,08-05-2025,Sales Coord. 1,Sales Exec. 1,Meeting followup,active,Meeting followup,0,To be calculated
Comp - 265,SWASTIK ENERGY LLP,Not Ment.,08-05-2025,Sales Coord. 1,Sales Exec. 1,Meeting followup,active,Meeting followup,0,To be calculated
Comp - 275,RADIANT FORGINGS HOLDINGS INDIA LTD.,Not Ment.,08-08-2025,Sales Coord. 3,Sales Exec. 2,Inquiry Followups,active,Inquiry Followups,0,To be calculated
Comp - 903,UNITED FORGINGS INDUSTRIES,Not Ment.,08-11-2025,Sales Coord. 1,Sales Exec. 1,Meeting followup,Inactive,No upcoming action,162,To be calculated
Comp - 868,INFINITY TUBES LTD.,Not Ment.,08-12-2025,Sales Coord. 3,Sales Exec. 2,Inquiry Followups,active,Inquiry Followups,0,To be calculated
Comp - 970,GUPTA INDIA LTD.,Not Ment.,8/20/2025 ,Not Assigned,Not Assigned,Meeting followup,active,Meeting followup,0,To be calculated
Comp - 54,GUPTA ALLOYS INDUSTRIES,Golden,8/22/2025 ,Sales Coord. 3,Sales Exec. 2,Inquiry Followups,active,Inquiry Followups,0,To be calculated
Comp - 333,GLOBAL STEEL ENTERPRISES,Not Ment.,8/22/2025 ,Not Assigned,Not Assigned,Meeting followup,active,Meeting followup,0,To be calculated
Comp - 85,UNITED IRON & STEEL ENTERPRISES,Not Ment.,8/22/2025 ,Sales Coord. 3,Sales Exec. 2,Inquiry Followups,active,Inquiry Followups,0,To be calculated
Comp - 162,INDUS STEELS GROUP PVT. LTD.,Not Ment.,8/26/2025 ,Sales Coord. 2,Sales Exec. 1,First call,Inactive,No upcoming action,2,To be calculated
Comp - 119,RATHI METALIKS ENTERPRISES,Not Ment.,8/27/2025 ,Sales Coord. 3,Sales Exec. 2,Meeting followup,active,Meeting followup,0,To be calculated
Comp - 490,KREST FASTENERS VENTURES LLP,Not Ment.,8/29/2025 ,Sales Coord. 2,Sales Exec. 1,Inquiry Followups,active,Inquiry Followups,0,To be calculated
Comp - 366,WESTERN ROLLING MILLS ENTERPRISES,Golden,09-04-2025,Sales Coord. 3,Sales Exec. 2,Inquiry Followups,active,Inquiry Followups,0,To be calculated
Comp - 929,UNITED MINERALS VENTURES LTD.,Not Ment.,09-08-2025,Sales Coord. 3,Sales Exec. 2,Inquiry Followups,active,"Meeting followup, Inquiry Followups",0,To be calculated
Comp - 406,UTKARSH STEELS PVT. LTD.,Golden,09-12-2025,Sales Coord. 1,Sales Exec. 1,Proposal to order,active,Proposal to order,0,To be calculated
Comp - 974,BALAJI LLP,Golden,9/18/2025 ,Sales Coord. 3,Sales Exec. 2,Inquiry Followups,active,Inquiry Followups,0,To be calculated
Comp - 795,MEHTA METALIKS INDIA LTD.,Not Ment.,9/22/2025 ,Sales Coord. 3,Sales Exec. 2,Inquiry Followups,active,Inquiry Followups,0,To be calculated
Comp - 79,INDUS INDIA LTD.,Golden,9/23/2025 ,Sales Coord. 3,Sales Exec. 2,Meeting followup,active,Meeting followup,0,To be calculated
Comp - 971,PRIME FASTENERS GROUP ENTERPRISES,Not Ment.,9/23/2025 ,Not Assigned,Not Assigned,Inquiry Followups,active,"Followup Meeting, Inquiry Followups",0,To be calculated
Comp - 972,OASIS ROLLING MILLS INDUSTRIES,Not Ment.,9/24/2025 ,Not Assigned,Not Assigned,Meeting followup,active,Meeting followup,0,To be calculated
Comp - 318,COSMOS LLP,Not Ment.,10-04-2025,Not Assigned,Not Assigned,Meeting followup,active,Meeting followup,0,To be calculated
Comp - 332,MERIT FERRO ALLOYS INDUSTRIES,Golden,10-04-2025,Sales Coord. 3,Sales Exec. 2,Inquiry Followups,active,Inquiry Followups,0,To be calculated
Comp - 401,BALAJI METALS PVT. LTD.,Golden,10-06-2025,Sales Coord. 1,Sales Exec. 1,Meeting followup,active,Meeting followup,0,To be calculated
Comp - 39,TITAN POWER & STEEL LLP,Golden,10-06-2025,Sales Coord. 3,Sales Exec. 2,Proposal to order,active,Proposal to order,0,To be calculated
Comp - 67,DYNAMIC METALLURGICAL INDUSTRIES,Golden,10-06-2025,Sales Coord. 3,Sales Exec. 2,Proposal to order,active,Proposal to order,0,To be calculated
Comp - 251,IMPACT SPONGE IRON HOLDINGS INDIA LTD.,Not Ment.,10-08-2025,Sales Coord. 2,Sales Exec. 1,Inquiry Followups,active,Inquiry Followups,0,To be calculated
Comp - 252,STERLING CASTINGS INDUSTRIES,Not Ment.,10-08-2025,Sales Coord. 2,Sales Exec. 1,Meeting followup,active,Meeting followup,0,To be calculated
Comp - 253,TECHNO STRIPS INDIA LTD.,Not Ment.,10-08-2025,Sales Coord. 2,Sales Exec. 1,Inquiry Followups,active,Inquiry Followups,0,To be calculated
Comp - 468,SUPREME INFRASTRUCTURE INDIA LTD.,Not Ment.,10-08-2025,Sales Coord. 2,Sales Exec. 1,Meeting followup,active,Meeting followup,0,To be calculated
Comp - 859,INDUS MINERALS PVT. LTD.,Not Ment.,10-08-2025,Sales Coord. 2,Sales Exec. 1,Inquiry Followups,active,Inquiry Followups,0,To be calculated
Comp - 271,VERMA WIRE ROPES GROUP INDUSTRIES,Not Ment.,10-08-2025,Not Assigned,Not Assigned,First call,active,First call,0,To be calculated
Comp - 891,BALAJI INDUSTRIES,Not Ment.,10-08-2025,Sales Coord. 1,Sales Exec. 1,Meeting followup,active,Meeting followup,0,To be calculated
Comp - 892,AGARWAL FORGINGS ENTERPRISES,Not Ment.,10-08-2025,Sales Coord. 1,Sales Exec. 1,Meeting followup,active,Meeting followup,0,To be calculated
Comp - 403,INDUS FORGINGS VENTURES ENTERPRISES,Not Ment.,10-08-2025,Not Assigned,Not Assigned,Followup Meeting,active,"First call, Followup Meeting",0,To be calculated
Comp - 405,CORE PROFILES LLP,Not Ment.,10-08-2025,Not Assigned,Not Assigned,First call,active,First call,0,To be calculated
Comp - 902,PIONEER ROLLING MILLS PVT. LTD.,Not Ment.,10-08-2025,Sales Coord. 1,Sales Exec. 1,Meeting followup,active,Meeting followup,0,To be calculated
Comp - 12,PHOENIX PRODUCTS HOLDINGS ENTERPRISES,Not Ment.,10-08-2025,Sales Coord. 1,Sales Exec. 1,Meeting followup,active,Meeting followup,0,To be calculated
Comp - 101,ORION LLP,Golden,10-08-2025,Sales Coord. 1,Sales Exec. 1,Proposal to order,active,"Meeting followup, Proposal to order",0,To be calculated
Comp - 975,MALHOTRA INDUSTRIES,Not Ment.,10-08-2025,Sales Coord. 1,Sales Exec. 1,Meeting followup,active,Meeting followup,0,To be calculated
Comp - 976,MALHOTRA TUBES HOLDINGS LTD.,Not Ment.,10-08-2025,Sales Coord. 1,Sales Exec. 1,Meeting followup,active,Meeting followup,0,To be calculated
Comp - 686,OMEGA POWER & STEEL LLP,Not Ment.,10-08-2025,Sales Coord. 1,Sales Exec. 1,Meeting followup,active,Meeting followup,0,To be calculated
Comp - 259,LUMINA WIRE ROPES LTD.,Not Ment.,10-08-2025,Sales Coord. 1,Sales Exec. 1,Inquiry Followups,active,Inquiry Followups,0,To be calculated
Comp - 260,PHOENIX FORGINGS INDIA LTD.,Not Ment.,10-08-2025,Sales Coord. 1,Sales Exec. 1,Meeting followup,active,Meeting followup,0,To be calculated
Comp - 649,HORIZON INDUSTRIES,Not Ment.,10-08-2025,Sales Coord. 1,Sales Exec. 1,Meeting followup,active,Meeting followup,0,To be calculated
Comp - 941,PINNACLE STEELS INDIA LTD.,Not Ment.,10-08-2025,Sales Coord. 1,Sales Exec. 1,Inquiry Followups,active,Inquiry Followups,0,To be calculated
Comp - 876,UNITED INDUSTRIES,Not Ment.,10-08-2025,Sales Coord. 1,Sales Exec. 1,Meeting followup,active,Meeting followup,0,To be calculated
Comp - 877,TECHNO STRUCTURES HOLDINGS INDUSTRIES,Not Ment.,10-08-2025,Sales Coord. 1,Sales Exec. 1,Meeting followup,active,Meeting followup,0,To be calculated
Comp - 942,KARAN FORGINGS GROUP ENTERPRISES,Not Ment.,10-08-2025,Sales Coord. 1,Sales Exec. 1,Meeting followup,active,Meeting followup,0,To be calculated
Comp - 231,DELTA STRIPS GROUP ENTERPRISES,Not Ment.,10-08-2025,Sales Coord. 1,Sales Exec. 1,Inquiry Followups,active,Inquiry Followups,0,To be calculated
Comp - 672,RADIANT METALS HOLDINGS ENTERPRISES,Not Ment.,10-08-2025,Sales Coord. 1,Sales Exec. 1,Meeting followup,active,Meeting followup,0,To be calculated
Comp - 674,UNITED FERRO ALLOYS GROUP LTD.,Not Ment.,10-08-2025,Sales Coord. 1,Sales Exec. 1,Meeting followup,active,Meeting followup,0,To be calculated
Comp - 678,OMEGA FOUNDRIES GROUP PVT. LTD.,Not Ment.,10-08-2025,Sales Coord. 1,Sales Exec. 1,Meeting followup,active,Meeting followup,0,To be calculated
Comp - 705,ALPHA CORPORATION,Not Ment.,10-08-2025,Not Assigned,Not Assigned,First call,active,First call,0,To be calculated
Comp - 306,INDUS STRUCTURES INDIA LTD.,Not Ment.,10-08-2025,Sales Coord. 1,Sales Exec. 1,Meeting followup,active,Meeting followup,0,To be calculated
Comp - 417,EGIS FERRO ALLOYS ENTERPRISES,Golden,10-08-2025,Sales Coord. 1,Sales Exec. 1,Meeting followup,active,Meeting followup,0,To be calculated
Comp - 702,QUANTUM POWER & STEEL HOLDINGS PVT. LTD.,Not Ment.,10-08-2025,Sales Coord. 1,Sales Exec. 1,Meeting followup,active,Meeting followup,0,To be calculated
Comp - 36,GOEL IRON & STEEL HOLDINGS PVT. LTD.,Not Ment.,10-08-2025,Sales Coord. 2,Sales Exec. 1,Meeting followup,active,Meeting followup,0,To be calculated
Comp - 58,INDUS IRON & STEEL CORPORATION,Not Ment.,10-08-2025,Sales Coord. 2,Sales Exec. 1,Meeting followup,active,Meeting followup,0,To be calculated
Comp - 457,CORE METALS GROUP INDUSTRIES,Not Ment.,10-08-2025,Sales Coord. 2,Sales Exec. 1,Meeting followup,active,Meeting followup,0,To be calculated
Comp - 8,GOEL CORPORATION,Not Ment.,10-08-2025,Sales Coord. 2,Sales Exec. 1,Meeting followup,active,Meeting followup,0,To be calculated
Comp - 108,FALCON METALIKS HOLDINGS CORPORATION,Not Ment.,10-08-2025,Sales Coord. 2,Sales Exec. 1,Proposal to order,active,Proposal to order,0,To be calculated
Comp - 482,GALAXY PRODUCTS INDUSTRIES,Not Ment.,10-08-2025,Sales Coord. 2,Sales Exec. 1,Inquiry Followups,active,Inquiry Followups,0,To be calculated
Comp - 31,GLOBAL INDIA LTD.,Golden,10-10-2025,Sales Coord. 3,Sales Exec. 2,Inquiry Followups,active,Inquiry Followups,0,To be calculated
Comp - 105,RADIANT PROFILES PVT. LTD.,Golden,10-10-2025,Sales Coord. 3,Sales Exec. 2,Inquiry Followups,active,Inquiry Followups,0,To be calculated
Comp - 3,GENESIS TUBES VENTURES INDIA LTD.,Golden,10-10-2025,Sales Coord. 3,Sales Exec. 2,Meeting followup,active,Meeting followup,0,To be calculated
Comp - 32,COSMOS INFRASTRUCTURE CORPORATION,Golden,10-10-2025,Sales Coord. 3,Sales Exec. 2,Meeting followup,active,Meeting followup,0,To be calculated
Comp - 70,NATIONAL METALS HOLDINGS INDUSTRIES,Golden,10-10-2025,Sales Coord. 3,Sales Exec. 2,Proposal to order,active,Proposal to order,0,To be calculated
Comp - 774,ALPHA INFRASTRUCTURE VENTURES LTD.,Golden,10-10-2025,Sales Coord. 3,Sales Exec. 2,Meeting followup,active,Meeting followup,0,To be calculated
Comp - 964,SHRIRAM ALLOYS VENTURES ENTERPRISES,Golden,10-10-2025,Sales Coord. 3,Sales Exec. 2,Inquiry Followups,active,Inquiry Followups,0,To be calculated
Comp - 126,MATRIX METALLURGICAL INDIA LTD.,Golden,10-10-2025,Not Assigned,Not Assigned,First call,Inactive,No upcoming action,83,To be calculated
Comp - 84,GALAXY ALLOYS INDUSTRIES,Golden,10-10-2025,Sales Coord. 1,Sales Exec. 1,Inquiry Followups,active,"Meeting followup, Inquiry Followups",0,To be calculated
Comp - 426,SHARMA ALLOYS INDUSTRIES,Golden,10-10-2025,Sales Coord. 1,Sales Exec. 1,Meeting followup,active,Meeting followup,0,To be calculated
Comp - 344,REGAL FASTENERS GROUP PVT. LTD.,Golden,10-10-2025,Not Assigned,Not Assigned,Inquiry Followups,Inactive,No upcoming action,22,To be calculated
Comp - 315,CENTURY INDUSTRIES,Golden,10-10-2025,Sales Coord. 3,Sales Exec. 2,Proposal to order,active,Proposal to order,0,To be calculated
Comp - 289,RADIANT SPONGE IRON LTD.,Golden,10-10-2025,Not Assigned,Not Assigned,First call,Inactive,No upcoming action,450,To be calculated
Comp - 346,SUPREME INDIA LTD.,Golden,10-10-2025,Sales Coord. 3,Sales Exec. 2,Meeting followup,active,Meeting followup,0,To be calculated
Comp - 866,MITTAL CASTINGS HOLDINGS PVT. LTD.,Not Ment.,10-10-2025,Sales Coord. 3,Sales Exec. 2,Meeting followup,active,Meeting followup,0,To be calculated
Comp - 321,SUMMIT STRIPS INDUSTRIES,Not Ment.,10-10-2025,Sales Coord. 3,Sales Exec. 2,Meeting followup,active,Meeting followup,0,To be calculated
Comp - 944,GUPTA LTD.,Not Ment.,10-10-2025,Sales Coord. 3,Sales Exec. 2,Meeting followup,active,Meeting followup,0,To be calculated
Comp - 945,ORION ENTERPRISES,Not Ment.,10-10-2025,Sales Coord. 3,Sales Exec. 2,Meeting followup,active,Meeting followup,0,To be calculated
Comp - 947,SUPREME PVT. LTD.,Not Ment.,10-10-2025,Sales Coord. 3,Sales Exec. 2,Meeting followup,active,Meeting followup,0,To be calculated
Comp - 949,OASIS STEELS ENTERPRISES,Not Ment.,10-10-2025,Sales Coord. 3,Sales Exec. 2,Meeting followup,active,Meeting followup,0,To be calculated
Comp - 950,GENESIS ENERGY INDIA LTD.,Not Ment.,10-10-2025,Sales Coord. 3,Sales Exec. 2,Meeting followup,active,Meeting followup,0,To be calculated
Comp - 715,QUANTUM METALLURGICAL INDIA LTD.,Not Ment.,10-10-2025,Sales Coord. 3,Sales Exec. 2,Meeting followup,active,Meeting followup,0,To be calculated
Comp - 722,NEXUS STEEL INDUSTRIES,Not Ment.,10-10-2025,Sales Coord. 3,Sales Exec. 2,Meeting followup,active,Meeting followup,0,To be calculated
Comp - 340,ORION STRIPS VENTURES PVT. LTD.,Not Ment.,10-10-2025,Sales Coord. 3,Sales Exec. 2,Meeting followup,active,Meeting followup,0,To be calculated
Comp - 347,INDUS STEEL CORPORATION,Not Ment.,10-10-2025,Sales Coord. 3,Sales Exec. 2,Meeting followup,active,Meeting followup,0,To be calculated
Comp - 164,GLOBAL STRIPS ENTERPRISES,Not Ment.,10-10-2025,Sales Coord. 3,Sales Exec. 2,Meeting followup,active,Meeting followup,0,To be calculated
Comp - 343,SINGHANIA METALS PVT. LTD.,Not Ment.,10-10-2025,Not Assigned,Not Assigned,First call,active,First call,0,To be calculated
Comp - 852,CORE FASTENERS ENTERPRISES,Golden,10-10-2025,Sales Coord. 1,Sales Exec. 1,Meeting followup,active,Meeting followup,0,To be calculated
Comp - 47,SINGHANIA FASTENERS ENTERPRISES,Not Ment.,10-10-2025,Sales Coord. 1,Sales Exec. 1,Meeting followup,active,Meeting followup,0,To be calculated
Comp - 412,FALCON METALIKS ENTERPRISES,Not Ment.,10-10-2025,Sales Coord. 1,Sales Exec. 1,Meeting followup,active,Meeting followup,0,To be calculated
Comp - 895,PRIME PVT. LTD.,Not Ment.,10-10-2025,Sales Coord. 1,Sales Exec. 1,Meeting followup,active,Meeting followup,0,To be calculated
Comp - 413,GLOBAL MINERALS INDIA LTD.,Not Ment.,10-10-2025,Sales Coord. 1,Sales Exec. 1,Meeting followup,active,Meeting followup,0,To be calculated
Comp - 952,OMEGA PRODUCTS CORPORATION,Not Ment.,10-10-2025,Sales Coord. 3,Sales Exec. 2,Inquiry Followups,active,"Meeting followup, Inquiry Followups",0,To be calculated
Comp - 953,DELTA LLP,Not Ment.,10-10-2025,Sales Coord. 3,Sales Exec. 2,Inquiry Followups,active,Inquiry Followups,0,To be calculated
Comp - 37,OASIS ENTERPRISES,Not Ment.,10-10-2025,Sales Coord. 3,Sales Exec. 2,Meeting followup,active,Meeting followup,0,To be calculated
Comp - 965,KREST METALS INDIA LTD.,Not Ment.,10-10-2025,Sales Coord. 3,Sales Exec. 2,Meeting followup,active,Meeting followup,0,To be calculated
Comp - 966,CENTURY ROLLING MILLS CORPORATION,Not Ment.,10-10-2025,Sales Coord. 3,Sales Exec. 2,Meeting followup,active,Meeting followup,0,To be calculated
Comp - 312,LUMINA METALS VENTURES INDIA LTD.,Not Ment.,10-10-2025,Sales Coord. 1,Sales Exec. 1,Meeting followup,active,Meeting followup,0,To be calculated
Comp - 313,AGARWAL ALLOYS LLP,Not Ment.,10-10-2025,Sales Coord. 1,Sales Exec. 1,Meeting followup,active,Meeting followup,0,To be calculated
Comp - 882,EGIS FASTENERS LTD.,Not Ment.,10-10-2025,Sales Coord. 1,Sales Exec. 1,Meeting followup,active,Meeting followup,0,To be calculated
Comp - 979,VECTOR PROFILES CORPORATION,Normal,10-11-2025,Sales Coord. 2,Sales Exec. 1,Inquiry Followups,active,Inquiry Followups,0,To be calculated
Comp - 980,SHRIRAM ENERGY GROUP ENTERPRISES,Normal,10/14/2025,Sales Coord. 2,Sales Exec. 1,Inquiry Followups,active,"Meeting followup, Inquiry Followups",0,To be calculated
Comp - 982,EMINENT SPONGE IRON GROUP INDIA LTD.,Golden,10/30/2025,Sales Coord. 3,Sales Exec. 2,Inquiry Followups,active,Inquiry Followups,0,To be calculated
Comp - 860,ELECTRO INDUSTRIES,Not Ment.,11-11-2025,Sales Coord. 2,Sales Exec. 1,Meeting followup,active,Meeting followup,0,To be calculated
Comp - 503,GLOBAL FERRO ALLOYS GROUP PVT. LTD.,Not Ment.,11-11-2025,Sales Coord. 2,Sales Exec. 1,Meeting followup,active,Meeting followup,0,To be calculated
Comp - 497,UNIQUE FASTENERS VENTURES INDUSTRIES,Not Ment.,11-11-2025,Sales Coord. 2,Sales Exec. 1,Meeting followup,active,Meeting followup,0,To be calculated
Comp - 489,BALAJI FASTENERS HOLDINGS ENTERPRISES,Not Ment.,11-11-2025,Sales Coord. 2,Sales Exec. 1,Meeting followup,active,Meeting followup,0,To be calculated
Comp - 549,ANCHOR STRUCTURES LTD.,Not Ment.,11-11-2025,Sales Coord. 2,Sales Exec. 1,Meeting followup,active,Meeting followup,0,To be calculated
Comp - 458,BANSAL CASTINGS INDIA LTD.,Not Ment.,11-11-2025,Sales Coord. 2,Sales Exec. 1,Meeting followup,active,Meeting followup,0,To be calculated
Comp - 459,BAJAJ FERRO ALLOYS GROUP INDUSTRIES,Not Ment.,11-11-2025,Sales Coord. 2,Sales Exec. 1,Inquiry Followups,active,"Meeting followup, Inquiry Followups",0,To be calculated
Comp - 463,HERITAGE METALIKS INDIA LTD.,Not Ment.,11-11-2025,Sales Coord. 2,Sales Exec. 1,Inquiry Followups,active,Inquiry Followups,0,To be calculated
Comp - 985,MEHTA ALLOYS LLP,Golden,11-11-2025,Sales Coord. 2,Sales Exec. 1,Meeting followup,active,Meeting followup,0,To be calculated
Comp - 353,BALAJI INDIA LTD.,Golden,11/17/2025,Sales Coord. 3,Sales Exec. 2,Meeting followup,active,Meeting followup,0,To be calculated
Comp - 986,PINNACLE CORPORATION,Normal,11/21/2025,Sales Coord. 1,Sales Exec. 1,Inquiry Followups,active,"Meeting followup, Inquiry Followups",0,To be calculated
Comp - 86,INFINITY FASTENERS LTD.,Not Ment.,11/26/2025,Not Assigned,Not Assigned,Inquiry Followups,Inactive,No upcoming action,53,To be calculated
Comp - 373,RADIANT ALLOYS GROUP ENTERPRISES,Not Ment.,11/28/2025,Sales Coord. 2,Sales Exec. 1,Inquiry Followups,active,"Meeting followup, Inquiry Followups",0,To be calculated
Comp - 989,TITAN FASTENERS INDUSTRIES,Golden,12-04-2025,Sales Coord. 3,Sales Exec. 2,Inquiry Followups,active,Inquiry Followups,0,To be calculated
Comp - 706,SHRIRAM ROLLING MILLS PVT. LTD.,Not Ment.,12-08-2025,Sales Coord. 1,Sales Exec. 1,Inquiry Followups,active,Inquiry Followups,0,To be calculated
Comp - 991,AGARWAL WIRE ROPES ENTERPRISES,Normal,12-11-2025,Sales Coord. 1,Sales Exec. 1,Inquiry Followups,active,Inquiry Followups,0,To be calculated
Comp - 481,SWASTIK INDUSTRIES,Not Ment.,12/18/2025,Sales Coord. 2,Sales Exec. 1,Inquiry Followups,active,"Meeting followup, Inquiry Followups",0,To be calculated
Comp - 336,SUPREME LTD.,Not Ment.,12/20/2025,Sales Coord. 3,Sales Exec. 2,Meeting followup,active,Meeting followup,0,To be calculated
Comp - 993,APEX INFRASTRUCTURE CORPORATION,Normal,12/20/2025,Sales Coord. 3,Sales Exec. 2,Inquiry Followups,active,Inquiry Followups,0,To be calculated
Comp - 743,DELTA FERRO ALLOYS ENTERPRISES,Not Ment.,12/26/2025,Sales Coord. 3,Sales Exec. 2,Inquiry Followups,active,"Meeting followup, Inquiry Followups",0,To be calculated
Comp - 182,GLOBAL SMELTERS LLP,Not Ment.,12/27/2025,Sales Coord. 1,Sales Exec. 1,Inquiry Followups,active,Inquiry Followups,0,To be calculated
Comp - 996,UNITED MINERALS ENTERPRISES,Normal,12/31/2025,Sales Coord. 1,Sales Exec. 1,Inquiry Followups,active,Inquiry Followups,0,To be calculated
Comp - 999,ZENITH CASTINGS INDIA LTD.,Normal,1/19/2026 ,Sales Coord. 1,Sales Exec. 1,Meeting followup,active,Meeting followup,0,To be calculated
Comp - 998,EMINENT ISPAT LLP,Normal,02-02-2026,Sales Coord. 1,Sales Exec. 1,Meeting followup,active,Meeting followup,0,To be calculated
Comp - 703,NATIONAL INFRASTRUCTURE VENTURES INDIA LTD.,Not Ment.,02-11-2026,Sales Coord. 1,Sales Exec. 1,Inquiry Followups,active,Inquiry Followups,0,To be calculated
Comp - 1003,SHRIRAM ROLLING MILLS ENTERPRISES,Not Ment.,2/21/2026 ,Sales Coord. 2,Sales Exec. 1,Inquiry Followups,active,Inquiry Followups,0,To be calculated
Comp - 555,BEACON FORGINGS VENTURES INDIA LTD.,Not Ment.,2/26/2026 ,Sales Coord. 2,Sales Exec. 1,Inquiry Followups,active,Inquiry Followups,0,To be calculated
Comp - 1004,ELECTRO ALLOYS CORPORATION,Normal,2/27/2026 ,Sales Coord. 2,Sales Exec. 1,Proposal to order,active,Proposal to order,0,To be calculated
Comp - 254,EMINENT METALLURGICAL VENTURES LLP,Not Ment.,03-06-2026,Sales Coord. 2,Sales Exec. 1,Meeting followup,active,Meeting followup,0,To be calculated
Comp - 429,INDUS ROLLING MILLS LTD.,Not Ment.,03-06-2026,Sales Coord. 2,Sales Exec. 1,Proposal to order,active,"Meeting followup, Proposal to order",0,To be calculated
Comp - 257,STERLING METALLURGICAL VENTURES CORPORATION,Not Ment.,03-11-2026,Sales Coord. 3,Sales Exec. 2,Meeting followup,active,Meeting followup,0,To be calculated
Comp - 969,SUPREME FORGINGS GROUP PVT. LTD.,Not Ment.,3/27/2026 ,Not Assigned,Not Assigned,Meeting followup,active,Meeting followup,0,To be calculated
Comp - 431,SHRIRAM SPONGE IRON LTD.,Not Ment.,3/31/2026 ,Sales Coord. 1,Sales Exec. 1,Proposal to order,active,Proposal to order,0,To be calculated
Comp - 1006,BEACON FORGINGS GROUP LLP,Not Ment.,04-02-2026,Sales Coord. 3,Sales Exec. 2,Inquiry Followups,active,"Meeting followup, Inquiry Followups",0,To be calculated
Comp - 1008,MATRIX PROFILES LLP,Not Ment.,04-04-2026,Sales Coord. 2,Sales Exec. 1,Proposal to order,active,"Meeting followup, Proposal to order",0,To be calculated
Comp - 1009,MATRIX PROFILES ENTERPRISES,Not Ment.,04-08-2026,Sales Coord. 3,Sales Exec. 1,Proposal to order,active,"Meeting followup, Proposal to order",0,To be calculated
Comp - 298,CORE INDUSTRIES,Not Ment.,04-09-2026,Sales Coord. 2,Sales Exec. 1,Inquiry Followups,active,Inquiry Followups,0,To be calculated
Comp - 1010,ORION MINERALS LLP,Not Ment.,04-11-2026,Sales Coord. 3,Sales Exec. 2,Proposal to order,active,"Meeting followup, Proposal to order",0,To be calculated
Comp - 1011,TITAN WIRE ROPES HOLDINGS PVT. LTD.,Not Ment.,4/20/2026 ,Sales Coord. 1,Sales Exec. 1,Inquiry Followups,active,Inquiry Followups,0,To be calculated
Comp - 1013,GUPTA FASTENERS LTD.,Not Ment.,4/21/2026 ,Sales Coord. 1,Sales Exec. 1,Inquiry Followups,active,Inquiry Followups,0,To be calculated
Comp - 1000,ORION STRIPS PVT. LTD.,Golden,05-07-2026,Sales Coord. 1,Sales Exec. 1,First call,active,First call,0,To be calculated
Comp - 1016,PINNACLE INDUSTRIES,Not Ment.,5/13/2026 ,Sales Coord. 3,Sales Exec. 2,Proposal to order,active,"Meeting followup, Proposal to order",0,To be calculated
Comp - 1014,SHARMA ISPAT ENTERPRISES,Not Ment.,5/13/2026 ,Sales Coord. 3,Sales Exec. 2,Meeting followup,active,Meeting followup,0,To be calculated
